{"cameraMode":{"drawMode":0,"name":"Shaded","section":"Shading Mode"},"sceneLighting":false,"audioPlay":false,"sceneViewState":{"m_AlwaysRefresh":false,"showFog":true,"showSkybox":false,"showFlares":true,"showImageEffects":true,"showParticleSystems":true,"showVisualEffectGraphs":true,"m_FxEnabled":true},"in2DMode":false,"pivot":{"x":0.0009093284606933594,"y":0.6845223903656006,"z":-0.027650058269500734},"rotation":{"x":0.16111920773983003,"y":-0.83880215883255,"z":0.3739810287952423,"w":0.36138126254081728},"size":1.7778822183609009,"orthographic":false}